"Machine_ID";"Failure";"Sensor_1";"Sensor_2";"Sensor_3";"Sensor_4";"Sensor_5";"Sensor_6";"Sensor_7";"Sensor_8";"Sensor_9";"Sensor_10";"Sensor_11";"Sensor_12";"Sensor_13";"Sensor_14";"Sensor_15";"Sensor_16";"Sensor_17";"Sensor_18";"Sensor_19";"Sensor_20";"Sensor_21";"Sensor_22";"Sensor_23";"Sensor_24";"Sensor_25"
"M_0001";"no";2.6331445266243643;0.9177722407362737;4.228582820048867;13.792281527227729;23.402873435513026;13.764430337119217;6.054069442972526;1.6424761604331475;0.721012347613618;1.6590214707410058;1.6657155017755456;1.1075657319750583;0.5567360945469491;0.26229167705518186;0.22839567281812168;0.5579992667751588;2.494481172510058;0.989780400272389;2.025647704136245;1.8849417732536713;3.0811450985971462;1.144580271787162;2.0488903333676154;2.7951565684323696;2.2663941069798343
"M_0002";"yes";9.24415353771671;22.732304417853715;15.306646382419215;8.553370860658783;5.707128191727446;2.99878493515637;1.4279121743969898;1.361257416257429;1.4291160433869903;0.8103531695512902;0.5349646651159892;0.5025611570680825;0.27898279894001976;0.3398672060136435;3.037344259831483;0.4162574501003698;0.279726267580408;0.5183956597856593;0.7837381762147967;0.8085246204739965;1.2284208129845775;0.7353453555969788;2.5991062280198873;2.7786461507008005;2.779984168028971
"M_0003";"no";3.1831174052773803;28.525667064811813;8.735420711981172;4.898446784850008;3.684912629305206;2.9601713600598667;2.398279854094127;1.9383022820333793;1.6270043295480203;1.471391159120358;1.384662455228848;1.2941866073928743;0.9781626953964359;0.7894518037025021;0.7724529068736203;1.5378689521926643;1.3989106256465562;1.308508245321542;1.2615979708238974;1.2159729152075092;1.0226065138808371;0.893001529073492;0.21323187127131996;0.1386081810687838;0.0986922771710181
"M_0004";"yes";2.7849985718451573;2.641998580721122;5.856832212152089;7.417146071753586;24.343164581839275;16.18253963685718;4.87586830648022;2.390342902617033;2.4779056510992006;2.1804943488323754;1.4077971248573944;1.6288404535982104;1.0370904729816397;0.8455548273339493;0.4494484153438746;0.8333297954100322;0.6675098289130879;1.4537121734594811;1.1616106671040662;1.3711680446116836;1.0944304361698436;0.7635021262508237;0.42720917624327676;0.1881823806543224;0.09569525491425368
"M_0005";"yes";4.888669743751669;14.414701269212959;23.903175338240644;12.985240899192656;5.8652247327874685;3.7795875910775116;2.5880586205920846;1.7232758808739719;1.4000490093881168;1.1344287170161038;1.3137375084583696;1.4033274952968064;0.6710798000337705;0.5423631675367548;1.627629425789952;0.2791969924575305;0.13091977280156117;0.6626429813285016;1.1339829388483198;0.9440602282399218;1.7561958444855703;2.1996217423958644;2.9841376164599387;3.0173372897254054;3.1099155748102274
"M_0006";"no";0.7843490618720592;5.498034294815295;15.231959519323167;23.4771058158718;12.106754546960872;4.825376902322652;4.077474791147836;2.14580112343064;2.06875780094215;2.325762941986548;1.90180428941807;1.6423229945713227;1.3938557761674055;1.1055425197838145;0.21046766872764774;2.265739534656639;2.2156915742741825;2.453463340068684;1.8182543144075904;2.0815822820081946;2.06543187471575;2.4988435887511624;2.80089170169956;2.930788663973022;3.006508654933442
"M_0007";"no";6.214126466435472;26.377234696238002;13.062990211667696;6.3124586064251975;4.130289256663376;2.9365475028612065;2.285861097697932;1.9526998379776639;1.7232805945788896;1.5393846488496234;1.379403031659669;1.2422691952244416;0.9661292131284707;0.7788746950473072;2.793568995183593;0.9196373330989908;0.9409971443976239;0.9492690301879062;0.9230272765302208;0.888168227832835;0.8049800615294297;0.7171558258545905;0.169344465361127;0.126786017383364;0.09724385985382437
"M_0008";"yes";2.589951152158311;16.258422858862872;18.280594753383074;3.5239816232234964;7.292669185241405;9.880817904817636;11.749996590910309;8.677733381689364;3.8138010369998847;2.670995973919969;2.4169612746949865;1.2329530304883767;0.7162518097873675;0.9127963659083866;2.4520870240810932;2.2549010221317114;0.5697441274745834;0.7181228756088243;1.5321361669358513;1.5353953813178256;1.5278715022515488;2.689624635229276;2.5921924266243224;3.0278590939154526;2.554888974829472
"M_0009";"no";10.394972637322658;24.49354872707567;15.681894696050763;3.4506053718633702;3.702161642822386;2.3869951071759496;1.940780614855462;1.6041649399642717;1.6349879184386937;1.220406216362105;1.1614116200625157;1.1198392215205066;0.8786393563752647;0.7036530697709259;2.8753135391134657;0.7825937215021818;0.8505225231843238;0.9155088544992344;0.8755412338973002;0.76641065944233;0.7597640937488598;0.7330200264898664;0.20305312344204898;0.030678633835219734;0.19500768407353666
"M_0010";"yes";0.34813390632852165;1.8001253785493043;6.921621973269006;30.658210333026897;6.965305144176073;2.001080826432264;1.4784993350070195;1.32248639228718;0.6815055351925027;0.2748462481339355;0.4433020050950162;0.5981045081041956;0.23527167946680322;0.07179293742790867;1.7097726748229392;2.5285508540165766;3.08202716616172;1.094785589633185;2.564174630975516;3.1293621027243486;0.2931815565339123;2.8224658509657257;1.015069682182111;1.2003851176640168;1.7152457579921896
"M_0011";"yes";1.1053919870380255;1.2831309049894566;3.7741212019104373;7.04497714065372;29.732532072491214;6.331674162910399;3.841591622508483;2.1418552875554906;1.885477763251238;1.74554565035713;1.7683326855563544;0.9513201865843685;0.3061901843491;1.0763948817900109;0.7187241702387007;1.0424929174183697;1.211144686400434;0.9805363502394687;0.9533230416501719;1.697876931787339;1.3211543782230009;0.579605323217251;0.4698070800785115;0.08461345618506066;0.27539894996640907
"M_0012";"yes";1.5407356790171687;3.555799682012527;15.497302563387645;18.722632628690643;7.875189503420503;10.489041986015923;10.516257721306808;8.200902704902557;4.891964124894555;2.9633674031795807;3.60806591541448;3.3232933816835097;1.6156046784438278;1.013591661128895;0.7456370994852247;0.15069527710632769;1.1295631144099256;1.7429949503299553;2.169937177661484;1.8807367707771083;2.86275244633809;2.4147275280830973;2.7890571555393526;3.037905897490646;3.077970779866502
"M_0013";"no";1.042559166984647;1.6065008213646603;0.4974286404021889;32.321724735270806;0.6003998944384377;1.2008344393850197;0.693825097604021;0.26042649343404844;0.42800831347042506;0.28637231009001557;0.1584842974730586;0.4078297982320001;0.1194850789439895;0.09943507480042167;0.2040507295687103;2.963786276781476;1.7998659159810761;1.6279847762427857;1.6065813129763928;0.6717461728044534;1.6547279191006132;0.8312939302869964;0.6047923752270347;0.4128573523214166;0.2895724577861865
"M_0014";"yes";3.2041097506996294;3.9250558176378;4.658869113475025;7.155436277882688;27.698341519245783;11.165705434457974;4.082293420075467;3.3759957603522652;1.8974873394792864;1.303009429043408;0.9725729670503582;0.8405846237732745;0.8611016367626481;0.38126866371158863;0.15448105924627895;3.1162103060571553;3.008933037425544;2.6951003513249683;2.6904313798375137;2.9945738160134114;2.9240277491821716;2.559568337967489;3.0821295599802263;3.0792081919091006;2.5467092089360612
"M_0015";"no";1.2662930233962488;0.9160603493250542;0.8152944338476541;2.0322247105105413;7.928001804440175;19.6912734546564;14.465566058966596;15.340528614111442;9.768756748658095;4.988074033178468;1.950027189580265;1.026006945031735;0.2590382844523231;0.08719090801558772;2.5175779020061824;0.2493743889623483;1.8009207188888707;0.32311279090411255;0.8719877264979229;2.0305834943425314;1.9230704673457253;1.865974745392739;1.6804232628164852;2.7350871955556775;2.705824335888974
"M_0016";"yes";3.4084997987023384;4.490861762694789;7.250457429502123;29.254155202491933;6.956365857925277;4.920979214111826;2.096492744580808;0.5893186010698993;2.2971506922718192;1.707980844609838;1.3010367823901015;0.5737214149492526;0.5898674050648031;0.3997254760795931;2.9932983725016786;0.12967211090659903;0.3894269586766794;0.5935482336791321;0.573162154673292;1.1280497718547382;0.2296357016180163;1.095259924267157;3.008054793506806;1.0458092884675358;2.1732979733597317
"M_0017";"yes";1.9002796960091246;3.6257381820162373;2.9417404404014413;12.125940177336755;25.965379128617446;9.780366829973936;6.147749109907428;2.518548006698462;3.3607947167215455;1.7457236759811783;1.9681162736220588;2.563231528114726;1.308710381817377;0.5358245277284435;0.4533088862251463;0.13971922788505345;1.1382850537427127;1.5379995790952785;1.576521456626495;2.3424317041057128;2.574000488434456;2.4238953658873683;2.2674690153075776;2.9440769649662255;2.5832388208840316
"M_0018";"no";2.6507423509689776;1.7993089278862793;2.6364986363077008;6.988690340745561;18.9781084589086;20.64830803864284;7.638608802792628;7.040890923575768;3.846101679461257;3.1837428361942446;3.4254688104265356;2.0087543494498994;1.4107268391776269;0.7302794990730401;2.93164875989725;0.12643475516017;0.8732081762358103;0.8935265911496412;1.0499450005684554;1.6688814629572406;1.5833975069802215;1.9153064415736736;2.1785906587777264;2.976014258915573;3.0819300283594115
"M_0019";"yes";3.722587647365129;4.660004338191209;13.820630540895955;23.0926375168579;11.506398628173882;8.504615541968384;4.2621345478499135;3.3792168386527424;1.7252596117436938;2.083371455615823;2.1155664049407723;1.1746555400923806;1.2464642050069408;0.7556736339002024;0.16764607352609706;1.4969870976770663;1.9251860100288052;2.4280105504998786;2.2326445315040884;2.2982083196026393;2.835239819008901;2.2273753528017695;2.9529719000327006;2.8649657194142035;2.908656464503025
"M_0020";"yes";4.476489969031842;6.204102473255589;8.374803725902014;8.779088715858784;26.786837561831035;8.16588603816558;2.170503558359696;0.809879111472963;1.7008068442444142;1.18392092672774;0.9628695589068381;1.0467660660888682;0.1857260646903579;0.25865098914591245;0.04511514211153845;2.0514837703472866;2.7004616029823465;2.251864404782944;2.4180027852392345;3.025801113311662;2.906656997576158;2.281500989778656;1.1491008911379572;0.8938179790583038;1.6763041413845334
"M_0021";"yes";1.0476816416579608;1.4751874589903637;4.96387678613015;13.290104949367834;26.561499935262333;7.742583590887728;6.363328379375122;3.5925058064260416;3.0261872095887257;1.9573353389247665;0.5374107963407369;0.5840918449249485;0.6627215755194633;0.3834478122009628;3.1068698639266525;3.037826723914884;1.92248095550131;1.2907491892982512;0.6263429965784518;0.7163121496942785;0.04928021151636481;0.7573643218536351;2.625280508120966;2.631731866172796;0.8007704897724299
"M_0022";"yes";3.0763186202302717;11.00830489255025;28.13522193671411;7.576518296226563;4.694846609590569;3.6176419587935187;2.930429234385287;2.540596507258971;2.2779543232826414;2.0956138894068723;2.0261241569647668;1.8292303089478985;1.2763659345655385;0.9700440849529743;1.2764504768503437;1.8400747780829392;1.8545801379898215;1.8527033647979132;1.9425457650907243;1.986295394195691;2.2161651019615567;2.370221797281863;2.993211339478168;3.1091074583612244;3.0730714985503655
"M_0023";"no";0.8859864675155807;1.060536138398112;2.8905722755768166;31.3435939049262;2.9025624678865887;0.6297743618016373;1.1431491431056104;1.342727124351652;0.3582517535793813;0.27153928141925826;0.3174612391381502;0.5369842037684392;0.5164001877624279;0.27358591036172575;2.4140724251589987;0.5197932403391862;1.4173201496565635;0.20332720738496007;0.7769186998330297;0.42933210826325574;0.9001415582047131;0.8231050702616846;0.4589607009940892;0.675426407138676;0.4937534020145048
"M_0024";"no";6.893533893889863;26.84835056677511;11.49838445558337;3.86749232403547;2.8202703114728718;2.3978153004934484;1.9288894401648902;1.4291729592429845;1.5548172644522968;1.2060206203568222;1.1687388359228275;1.074874309657511;0.8777819145661059;0.6517082835473734;1.66667220000365;1.9220248234935082;2.128373320608838;1.9677112150624132;2.055907288491933;2.203836185697997;2.167562725064413;2.4070376173308587;3.033586815848214;2.81789901335512;3.042069410808621
"M_0025";"yes";0.8925306592190102;2.224809396038398;3.6890036475354413;11.65397388609681;27.38618953859416;7.391921409971305;4.450691777125862;3.477461280630205;1.8016387046413265;1.7126387507383196;1.7858700948738302;0.9252881770830991;0.38652977624244556;0.6209999661855591;2.437514753992698;0.8362745793545296;0.254653757001734;0.01796032972236723;0.37479196260989855;0.4858662759859096;0.43949527925483395;0.8275634750479987;1.6720539912169474;0.3368919252352097;1.3472880058581092
"M_0026";"yes";0.9946146603478819;1.0994157614930176;2.49663277005854;5.048568842000246;19.518852887802232;18.378289662495508;13.339365194596354;7.550217133286222;3.213649680671737;2.809037187412007;2.772632547697629;1.7915323917684642;1.4989494281750104;0.45958744933056034;2.234303295031343;1.8830349374613666;2.78407994384714;2.6949890967968217;2.270484115035071;1.913324267048334;0.6043315578563009;1.6205878153641544;1.6185810647270853;0.233239598089687;0.8464781090840137
"M_0027";"yes";3.0833718768502116;3.4551040328266307;4.064518047991954;31.022247838162432;3.8509081788020594;3.0955017582573245;2.1391255585273163;1.666076298195843;1.625613953151232;1.343755687889201;1.0093486359500872;0.7960894564554442;0.38089524141757297;0.16009888242539935;2.975504227373718;1.2262896126660094;0.938678159124185;0.8822513546170015;0.7183537712784961;0.3981347848864277;0.15373071018726642;0.6025715021330393;0.1727872582345398;0.4097920883132425;0.5427552477380629
"M_0028";"no";4.236286979807901;21.7705276326515;18.47197384907606;8.149202281984742;5.891339008310811;4.614241331868511;3.668172803816658;2.973966762537994;2.5654153634829573;2.334628824769325;2.1276759520547617;1.9565073513590696;1.4942948112270023;1.2005125127231617;1.3350472560793576;1.369508907530224;1.2984842494830233;1.2133426803843634;1.1432526658519695;1.0990685468073056;0.9525840281582352;0.8209541093484548;0.1919339272608419;0.1321500828629798;0.10212783711434917
"M_0029";"no";4.929558467537273;10.75017591066952;26.00235427759102;11.785346203770443;7.65958267683166;2.778760534057122;2.308588537042687;1.855996773079461;1.3370080035647651;1.2510502693504235;0.9316714821339309;0.9787705476944532;0.6472411463234519;0.5197756633663303;3.0176989462608788;1.1762253858526908;0.927136975637945;1.3674471115901694;1.3421204644717426;1.5650477889087548;1.8116224576352775;2.0187267864838443;2.914049043487849;2.9712970488808326;3.000383176445893
"M_0030";"yes";2.0010818848576015;4.0095596173914005;6.065110993260289;14.8039644737264;23.038087626376207;11.290914931500415;5.116475719086373;2.3223018221926184;3.544574381836839;1.7824008154834305;2.9840837400060134;1.999068678855203;1.7899366428802768;0.839320098811026;2.2731412165724203;1.4778518880825773;2.292145606572707;1.564916057934994;1.8451669368994363;1.674505925308395;1.7839377262321074;2.3135893193463035;3.0342214077761334;2.884460263621267;3.008283240068561
"M_0031";"yes";1.9764300740465564;3.3222774838648905;3.268578531655954;5.189160221836195;15.097646802796497;24.376601490928287;9.627246962335368;4.015000792534906;2.743851660407596;2.0254784922303517;2.045607175382401;1.444269787268866;1.2468333218312624;0.9514704627233758;0.27246729402876224;2.052166623391572;2.583522910750131;2.7726120612259733;2.873131333000087;2.552606858343595;2.7702361552865202;2.3432954948974585;2.568127712130885;3.0515613903487058;2.634488234612648
"M_0032";"no";2.4905117206362823;32.49801845281661;1.5271000627025606;0.5858206211175754;0.7079264628370578;0.5889394389730054;0.36771656572503286;0.33921094749790315;0.423754128438151;0.3641169352072255;0.2198242005497204;0.1958076990181562;0.09778954901216227;0.15580574738459968;2.9489731460278605;0.050975964382889254;0.18396629730525957;0.23504183819113958;0.4240694640947424;0.7329551396428395;1.2670645848240314;1.7840797039452907;2.486416039260102;3.0328039144491585;2.8113029368344677
"M_0033";"yes";0.7180035921916624;0.8164493848999372;2.724630242408496;3.9943822527950097;31.115371672370205;2.984117147410049;2.8722243481412475;1.1198476917044111;0.6117023962506472;1.648103978864268;1.3670507290563447;1.0452875662569594;0.37319767420838545;0.3096594483864066;1.2661535151440864;0.9569233141011955;1.5771558870071583;1.8041113930785488;0.46406996915491705;0.456221556761817;1.9015988018214198;2.8689796229971063;2.0943326627209347;0.633504738489036;1.6909002345851816
"M_0034";"yes";1.8241096287739025;2.516576179733343;4.674562702493288;31.4975614383067;4.564055546165785;1.6756341485690405;0.8837204226317174;0.19879629587305497;0.8768171642323823;0.5703592589269856;0.5063400047384558;0.6755824491869314;0.08583689347195597;0.3310162259944325;0.48219252637290533;2.7825133459625344;2.7605371926207583;0.7178795448665338;1.606390348285421;2.0437394006211966;2.7589999994345034;1.9843144217764614;0.5114400442052007;0.34858351484721184;1.318583225810242
"M_0035";"yes";2.3522269211409377;6.888331026145868;17.351146000723745;19.224940173467633;14.427638021930932;8.281703295508523;3.0490922853904197;2.5785340447483436;2.1554840001890363;1.4426099241555992;1.6745576607705779;1.4861951776280025;1.0169253851793745;0.8031473251256085;2.2311037143942953;0.5965010675376845;0.4581511637635427;0.9423430090330325;0.723351748376674;0.8268869168876384;0.7436282626178444;0.6710200109360308;0.24711075529715906;0.20717365674642138;0.06811910229886972
"M_0036";"no";2.3799352999670407;4.677273125082514;10.670619742848821;27.570865200021295;10.079864994722493;1.8372902830972433;2.4434396458225853;2.12236872705371;1.9104302011252583;1.9444773244369309;1.4193623689924337;1.5316354633223028;0.621323663601037;0.9809434924640288;0.5659416132608577;2.8023406504941883;2.2792218442576906;1.9614420222735616;2.323127746242367;2.141788205516868;2.807281875832293;2.471390050167028;2.9733883353257307;2.511638765054322;2.8799806929616327
"M_0037";"yes";2.3657601080285877;3.3241235115381853;3.1034126465741507;9.474198035666845;28.246110700266666;6.80195572339671;3.6991369843293387;2.577569536282165;2.346751524328702;1.3556636883477915;2.228957936809902;0.9591135656445574;1.2620495399813543;0.47070108635537655;2.5729327991442807;2.451470131924218;2.834497806995595;3.113531598804048;2.524550654588061;2.976562292376245;1.4544759046207079;1.0281593747122615;0.8069967525731789;1.4423418269564863;0.6677145046815555
"M_0038";"no";1.410595361123671;1.3603400611214405;2.4347470400886864;5.016327962259045;31.048856494138015;4.271213369874249;2.2811264056363982;1.574232381111724;1.7759439529089147;1.634198466290008;0.8018875885819813;0.543814263813696;0.14952076219206775;0.38764501325967765;0.38391667757669345;1.3799519487045713;1.36342877896757;1.0330360894240922;0.734995853915816;1.1035285240403823;1.1771380898783141;2.5457304643543313;0.4333671828093878;1.1538022812149658;0.40419056668649095
"M_0039";"yes";3.8683887975259155;23.69145194034389;15.335557385569599;8.004929522630146;7.3033324235446955;5.180582134770207;3.566447531214356;2.780755491411522;1.9861340973767123;1.93000619946363;1.6766208381657524;1.2772329450804438;1.780683681578779;0.8672580133847478;2.946892417323687;1.2060168025347837;1.3543746578097546;1.7952353135364116;2.003117770572648;1.7107922674529312;1.800965062542176;2.024321987913404;2.792230123415805;2.7986479542733296;2.9010056401740756
"M_0040";"yes";1.133350012169996;1.6682553798090856;5.314110417236541;16.817830601778727;20.403393158247628;13.898830334207908;8.180512669778809;3.205694806353417;2.590551185079073;1.7797689294048968;0.9274558231330805;1.740531202592433;0.9294553407146412;0.7086887601997032;1.8799921455501318;1.460648990320419;2.3842142036581615;2.7223047742602393;2.2446152473538774;2.6468563392803346;3.0159813533916875;2.7034836933010307;2.71112835628214;2.9669105892704186;2.125169660471852
"M_0041";"yes";1.671550380345289;2.900302503964431;2.955442568978635;4.743336574167196;11.078661533621238;17.25172814792818;19.680793944172997;10.868417061783125;3.855931814114903;3.308906326519723;2.2765742097426767;2.080043402616964;1.4904985390957888;1.028501378596366;0.5188333112962453;2.241940114623132;0.958087323880072;2.229014202935006;2.2212917365488956;2.5183779071999766;2.3491017562155236;2.439518886581762;3.0194200935442383;2.9796920319253957;3.062083090093224
"M_0042";"no";3.0159064176445147;3.774015233189171;15.710336850141443;24.07427355062748;9.306059676147518;4.62043666359573;3.458309706497905;2.828965365436096;2.3822711497113995;2.3451523323678276;1.5963171475630678;2.10182760955534;1.3035072311206777;0.8969220299707144;0.49373564606886516;1.615862830831601;1.1519718009729192;1.6152576818416209;1.2561645752175605;1.2005940325090216;1.1699257645174628;0.9847655266190068;0.383520389589219;0.1276942238101585;0.3483010185986594
"M_0043";"no";3.045730333486897;6.578682482696112;28.636749736153984;5.934490907794626;6.257110931322652;3.7921064943584035;3.0769096599688477;1.9628989256026619;2.3638364860258116;1.994457695640119;1.7227251553185756;1.2805825655479475;1.2665953794933065;1.042889786303472;1.4220862232069318;1.4581832771608916;1.8242047501748437;1.8260676686848598;1.7138872158309078;1.7755584831058446;2.0542244283097357;2.3050739264985554;3.0017007487497276;3.042827788379314;2.9677134992440672
"M_0044";"no";1.781277681099075;8.046641940590908;29.817390403426675;6.923225475374727;3.498000658859334;2.710678061165007;1.8708118329364347;1.0834508431576648;0.9675805707060134;0.77908106651917;1.0175954634240387;0.7219158324685627;0.5502618182677708;0.3873988955003532;1.400611254611867;2.069454327641599;2.274851808936039;2.059851497797765;2.690077821685847;2.5515448613452465;2.168385889878997;2.4850312652860276;2.964048794374434;2.7896092659935596;2.860399994812926
"M_0045";"no";8.365085736262627;21.160363895746272;16.917370993534444;10.288129911171433;5.168892811336644;3.227223226940906;2.7007592903381106;2.1040381956128726;1.9155928986515696;1.6265628174980653;1.2363936843574168;1.1006876599380042;0.9951155536702275;0.7490603322650734;2.9899287419811493;0.8572597572367628;0.8287246102958296;0.8084030104014859;0.8028156693646437;0.674123404686755;0.7978944646587971;0.8118875961938583;0.2218742832680128;0.13699667702301388;0.06073611873447889
"M_0046";"no";2.7313769635344247;5.339485252505867;29.265665027402047;5.433089670148378;4.682608071056882;2.9069323930264743;2.5148015286129275;1.6915210864311525;1.7085417677874535;1.4897711091745525;1.3474368012543616;0.9010836651422764;0.966923500722716;0.6748500695674363;2.2623066193423487;1.6601548186997572;1.1248873027633226;1.006713839105455;1.1399866926166498;1.3469092278212478;0.7854311908948394;0.7042184105428492;0.10938193109263697;0.12065223041964983;0.27695558387507824
"M_0047";"no";1.440210208981604;0.5445711179693982;1.3772187666762756;1.0843899036918183;31.94555085106843;1.4698804353960677;1.2016495011535175;0.23433851259778574;0.8250378218918271;1.0183680956820365;1.0851030950217535;0.05622204660150504;0.6141398082168261;0.4898911020211587;0.4379951690355071;0.6360840462157936;2.596488518444229;2.7742781250922146;2.0728379037927818;1.6375242919798287;1.7607331357002747;0.7081972432918648;1.2286820658865718;0.394272023863057;0.04025299804022596
"M_0048";"yes";2.462144361646968;3.3090896626405177;3.843387421273267;25.17514511776275;13.037792469007544;8.052877463295278;5.743222317870754;4.010626981418318;4.64351738240375;2.9735576693209906;2.5654138847907153;1.7757784211869014;1.2783239015817764;1.319549407490566;2.8681686675719815;0.22973800412068318;0.7718022867553327;0.9486868278956753;1.4002039283944552;1.5412248613658692;1.4810891849417143;1.6367988282569836;3.043705879314448;2.870621762695416;3.0095513184417593
"M_0049";"no";2.466957165797761;7.025814480375685;30.147284664395507;5.676922029441369;0.899325659331504;1.4046035772336185;1.0622373648667798;0.6296307514792693;0.5841617980439661;0.13098040209819545;0.31114543002380796;0.18484305632737924;0.25026698904811046;0.1359793908134751;2.684321606828336;0.7019099643958069;1.4859899302459585;1.2439118198498942;1.8327698129679724;1.834940874920829;1.4593746674732029;1.8059712789543076;2.8451311964230923;3.120647867527352;3.070226103404156
"M_0050";"yes";0.35762382744839677;2.048977144004264;2.74259669226508;12.995981420748224;26.352305796720852;9.188131880217517;4.454577345681015;3.497764991631936;3.129003047797649;1.7588420187927896;1.3658915507677827;0.44276773317794205;0.09081806706469034;0.511178226323467;2.630900558411162;1.6149274150375494;2.3422233966440573;2.369486945809257;2.9964702781402397;2.603859794946802;3.1026488723675185;2.3836597969033146;0.6916289483530565;2.8304623319750757;0.8079448402788052
"M_0051";"yes";0.7781589955210536;4.278380979808463;31.407595069077438;4.403139986709034;1.244750612173373;0.9527781421358613;0.6907658004257845;0.4190375505046406;0.42664674168440686;0.2683843095951023;0.1601601936874463;0.24767591102733888;0.16073521437004717;0.24004573243220548;1.0509771710190956;2.1971828991423203;2.7724481649573316;2.972929159537693;2.891393164210322;2.7329311178605282;2.5700425897178;2.826965618784064;3.047192126719897;2.872759190903234;2.847553725948319
"M_0052";"yes";1.016093414107206;2.312617621269744;11.260796684610783;21.101166623934738;9.42720165913058;12.54645943478251;11.281165692224885;6.899008253436988;3.2562081663442863;2.4137629477879243;2.693020225271387;2.1337344605042294;0.766208595395771;0.5483810151321024;2.0422551595828224;1.0982555417116886;0.09984635617313489;1.0665192470883773;1.672679878489707;1.8829312044055364;2.4926138730505745;2.8181764419665853;0.09512642099659262;0.14772833475742422;0.06208628874291499
"M_0053";"yes";2.957139039799106;3.901494162371256;4.312072937387343;29.716397724493948;5.685997263628182;4.969473492299739;3.9284957651397265;2.686871092891596;2.518162708580419;1.9970713836071465;1.6013244224566534;1.4577274303360572;0.9896608155992958;0.9602781880723956;0.17843878979077218;1.4366297226843983;1.7620892354661801;1.562066870587317;2.73095855210859;2.7105541735191037;2.415428213769768;2.6145300975058743;2.8472316673353095;2.2650766028233598;2.48767391023678
"M_0054";"yes";2.7451966005451034;3.597256476236389;4.564272278742879;6.522248374430124;20.474107515719258;20.598634538167076;7.172450710522977;3.3879501870788014;2.298242435698311;1.4742115524223898;1.921330905056926;1.4366401205356414;1.0374800259019117;0.15717716190165104;0.007691728232699708;3.139980505641412;2.7377725350910644;2.5119506765274884;2.252695366202577;2.1641849472674846;2.0848634945177658;1.7039009354369201;0.7497581295099227;1.3257352631636334;1.8973292098995214
"M_0055";"no";6.1096714191908434;11.837736611844397;24.80336546934402;11.40450578399806;4.085870774705132;4.656102931166525;2.6817178684756993;1.4960116953839175;0.6290917157003735;0.8204935021496889;0.8550426223178375;0.7594912067798836;0.8021372759169546;0.3251436200424076;2.097855110182925;3.0223220269949738;2.4980366354800494;1.8483307243296077;2.8845448339022277;2.6913555435543466;2.406506456922122;2.8614308681229534;2.7388454619254183;2.6899242220076736;3.1370945444153575
"M_0056";"no";2.531962949767201;3.5782919065329537;5.494839042103974;8.644325819897709;11.41916764766555;26.360911871368113;2.6282564830471618;3.174991723112872;2.52026044270687;1.6814704578225967;2.057934976083434;2.4166723376571033;1.9683468620216016;1.346636515090212;0.9561056300045698;2.6988779354905104;1.9987749674954742;2.1286454241330643;2.036242118811772;1.9805771197043773;2.408071164099588;2.1201964951706143;3.072270815974589;3.1247889689548636;3.0901822271162085
"M_0057";"yes";0.517864716787482;1.039451933947554;1.5078593814710044;3.9978417685893097;30.90809064862136;4.480004568720424;2.9224650972521022;1.4276732535539807;1.3878807422133796;0.3849543332344392;0.922048435469659;0.6358175134758378;0.7207603158754475;0.19107066096284692;0.7666189090901213;2.5726660878763115;1.7188460319713137;1.599548614002306;1.2920564979613651;2.6667735413474905;0.8205028616314478;0.3879124614667247;0.6322886958924236;0.27360397819348115;0.24254480042448362
"M_0058";"no";3.6524134608201235;5.382011880216301;13.168945140429805;14.139190410335345;18.644332527687194;13.29084580406465;3.2715692747456115;4.1467425998739325;2.8240167859204215;2.527251239713155;0.7347741806005416;1.5466678333249682;0.7668743414674226;0.47232338976125027;0.1968612313071262;2.0986428595084665;1.5250348628260888;1.7505401251325587;1.557990082035955;1.2696061862671262;1.3231706143095128;0.7644853859172638;0.10753335346368557;0.2465826183773537;0.04581855223525038
"M_0059";"yes";6.234086831657798;10.736187410101454;27.13690776671841;8.50630533175839;6.436131567229335;4.64084344613152;2.7974189603883204;2.011925341197223;1.7184191344744217;1.3702774725502251;1.0829842592750871;0.6831800910814794;0.7665442284836242;0.7225344567420727;0.19221338039753633;3.1174144388676233;2.5972238414540607;2.518460443029111;2.176025662128619;1.9037493665739644;1.4431773131831451;1.6406855110812546;0.286715217245132;0.4669993805160256;0.4851099850383462
"M_0060";"no";4.692329602509007;13.215295474930905;25.73059490848767;10.872169217496747;5.961171614141069;3.1169614546592714;2.1909698185918454;1.9915696529241929;1.1351762575883606;0.9844876144776316;0.4854096944595139;0.6293876497973742;0.0141483276249323;0.21696174424566855;0.2758097876785724;2.282210170281913;2.43230336373664;2.553741184363801;2.894941503487867;2.9170393318944194;2.6805230683632137;2.6471868568180064;2.9027182516959713;2.6107191901128024;2.892192386788507
"M_0061";"no";0.5844655039377472;2.2903464902734703;31.4211191515265;2.1383429810929067;0.6948537473219931;1.2316750332251254;1.0000410051938196;0.13611086410677986;0.6281275888231841;0.37819759313034024;0.23493346321243963;0.3657132166348627;0.24192347260907918;0.11647066343506698;0.6432621233643325;0.5180212680499042;1.3275272385931365;1.142183221481723;2.436811108552024;1.4798561989882522;1.9190287184441919;3.1287566865395213;0.8820509503400958;2.851801614864412;2.149798507231276
"M_0062";"no";4.435072980215399;5.121771619760252;8.11995321739213;25.82865498286133;13.729826969051354;5.232669308336427;3.371061613577861;1.3703045366903173;1.8801295188666018;1.7392517647580403;0.5632243548614214;0.9064270533471618;0.4903429524488673;0.33043994867553106;3.023408658556748;0.8783080670781067;0.5915586891306752;0.7172478907161364;1.3788418734291643;0.9555832061034698;0.9797316088303543;2.2390899609687915;2.458890430960813;2.205562369311223;3.1081980047510163
"M_0063";"no";1.9726007723418109;10.554041078993142;27.09209995618982;12.066983702325658;3.9599400306770765;2.7302223418478593;1.8975207681279;2.086590210453078;1.3606527235871277;1.1286872929385712;0.9972102246567804;0.9774163288636388;0.6940569605055283;0.5741539775439286;0.561324404652427;2.3064050493316612;1.8797006095156243;1.6759973644270518;1.4793015276497639;1.2809395591965917;1.204954860634293;0.9480206135283946;0.13579296639760283;0.11235938053919639;0.1524912088118757
"M_0064";"no";4.723963659525304;17.696563107566547;22.9007485960076;9.086811762403146;5.19952034630486;3.2429860832666715;2.452967935611307;1.7276269784440386;1.4330878784721475;1.3334007136757866;1.3380486956080877;1.4578156216180371;1.0398841584439618;0.6611468447681121;2.991693952257652;1.5830576477559493;1.6850848617193503;1.7720188266564099;1.681181869903393;1.730745254182098;1.9364042437922249;2.257404174378692;2.777314819593924;2.6935338614099926;3.0314542083329354
"M_0065";"no";5.106844722462229;18.12023990290067;20.113835029543587;12.628653902113346;7.63249969954321;3.8292894520537275;2.3322540777056298;2.102709900180073;1.9377012501518032;1.7178743978157034;1.4222829293377883;1.2564771342886847;0.9854066480012216;0.8264211565148404;0.28913879797255226;2.5551750844843117;2.339693603715456;2.25750998439789;2.3167899966063197;2.3760770345082873;2.367697669263224;2.495249183745981;2.9712751990029025;3.0065244595466467;3.0657127629003798
"M_0066";"yes";1.90399372672241;1.6087593635844095;2.4867340734848677;4.459952509782171;31.04420653824427;4.855134523454042;1.785121852061758;0.7061775871042411;0.4250045183326794;1.372289002440641;1.50982863019245;0.43713895766399014;0.8702511017564895;0.3781016067881913;0.018728514545512533;2.2025707542473025;2.809845003570364;2.830082840930752;2.75326198032141;2.490001731639277;1.9080076931131165;1.1816986498865218;3.0458885926581964;2.3857234190999814;2.188000841335861
"M_0067";"no";1.793863605513264;2.205441185448426;2.9766012114205456;6.243453464750373;28.01836456954745;9.426695936616555;4.700460799534407;2.728754939213689;2.831166663557908;2.545570667823707;3.041266495451891;1.9908620526874594;0.9325782825583993;1.12603645904119;1.8311824401198928;0.06758013809182947;0.5551418430615761;0.8778232903307788;1.1400311663467373;1.6735208173406828;1.9403546593562175;1.783836169429399;3.0425283498006976;3.0217890772220537;3.036863137922254
"M_0068";"no";2.922572161334001;6.863420976674876;27.534741286898434;11.795093538077309;4.014569864687251;2.768800916917201;2.3669419383201245;1.9451326482842022;1.5251265740502404;1.396930202243484;1.3775078870073985;1.207906618582375;0.8734852685081345;0.7153367189302251;0.38973568384324575;1.6448876997961048;1.4968530995723321;1.3197956438709086;1.2488258251895272;1.3097646180844489;1.0425924041993333;0.918071284747222;0.2617281834619008;0.14125667587456614;0.09341687719718604
"M_0069";"yes";5.153411291375636;7.1585399470228035;16.937512891812826;24.09295926795567;6.27818507356302;3.363995234048564;1.7691611204801763;2.144618608091745;1.6915274511447511;1.4256078747906775;1.4974065283550044;1.0896853120499568;0.6239236052383581;0.5609393262536474;0.17510782264241778;2.717953274050296;2.94746908607394;2.7242826221057364;2.713703581607152;2.716962685762432;2.57336923657606;2.896294288136031;3.0269174047136627;3.0161698577519878;3.005191408953631
"M_0070";"no";0.211193276615316;1.2320528694236192;4.0673308404936;31.453473523198948;4.634751865693001;1.4848817023375112;0.797701971714284;0.9217797984957061;1.2061175656338914;1.218731635817434;1.178097423417472;0.9483870637782987;0.5908992541846221;0.44512734697709727;0.903171266232907;0.8192759158245891;0.7686871339371254;0.7633959868676273;1.2711536780269852;1.6247579031662778;1.9835670052265442;1.8295257396132492;2.830017651522186;3.028516005897088;3.0917811570523948
"M_0071";"no";11.24333156314029;20.898318462522596;17.995553509315304;7.800655682122508;2.83822920743705;2.180321647688231;0.8207195715563319;0.6350893508238536;0.8126456055480845;0.515985768288205;0.3997079914116336;0.051832283819069284;0.266706716435272;0.2022812528159402;2.935727060852322;0.6328810477666889;0.9593862061645421;1.143473800765972;1.630725597520702;1.0046181738713753;1.8050563808827875;0.6453860380194156;2.498545212517472;2.3409871876985546;2.601932071674774
"M_0072";"yes";1.6664405876074937;2.8477826829477335;9.339889945691095;18.740749013369012;14.07607510384636;14.986127708699662;8.516877321028328;6.379378234020785;3.82162718858347;2.418366499488802;1.4902243552433283;0.6963945463101372;0.14373792194579604;0.20084147837425106;2.6430789291482224;1.0025527445389357;2.0383071988902373;2.271692147989524;2.889267693166379;2.9537023370110767;2.4655959191663994;2.6702544391085397;2.5326711774665416;1.0078318323793116;0.91516154332564
"M_0073";"no";1.935948642167277;1.2294497087946434;2.865430749196147;6.136973429706321;30.703189433957466;7.0657014823598825;2.740135225167179;0.5462789387179992;0.7378940590014211;0.9414025843214611;0.6567523496175165;0.23870430463891618;0.3480099374485344;0.2606185189461042;2.649312530455172;2.577700502095719;2.4697075453508956;2.9629241147083905;2.3596080558860266;0.773362372533528;2.5394683342067763;0.39934705905249224;2.481376640281785;3.0656976779263827;2.6741185241304195
"M_0074";"no";3.0180223455250017;32.033323261628205;2.832655317557521;1.887893865012284;1.665042087874553;1.187235880483291;0.72389146919857;0.5955619915996414;0.6268857828173473;0.5717019876847217;0.4500313642586821;0.39608076646673873;0.30942005963550334;0.2678161130474789;2.1363694470624877;1.2781925872144604;1.3796480598233671;1.462435542943118;1.5961339735449933;1.705058112936694;1.9488198552896763;2.086336289343142;2.9020319377052624;2.9605303661850804;3.026051196669795
"M_0075";"yes";3.0874189395820717;3.543762413892262;20.139509985618513;18.95272460378356;11.283904479396904;7.685600994614554;4.918708845242881;3.453030950469048;2.777929763974368;2.0683327813356116;1.493565494641582;1.3265586244755503;1.4790899615759623;1.2004340528402433;0.6709371095202358;2.0706155948031766;2.299858725117517;2.3071659482250335;2.3188263171963115;2.4508156349103976;2.27006117927691;2.1630917065818984;3.039872613945716;3.125416326594301;3.09634689703473
"M_0076";"yes";1.8404228685272352;4.294766237153896;7.300086437298014;16.62994338239899;14.455568269829147;5.806556408854279;8.790847498155388;12.671537104458224;12.207067175756299;6.490457261147607;1.2223368051247008;0.9995575106297868;0.9967056207869596;0.40828843165025086;0.22339954946681936;1.4251140434528793;2.079937006584979;2.8117939010070283;1.7397740192744495;0.5811926001672119;0.3247553062995701;0.5377704004352194;0.9062015480550383;0.35438643278362847;0.4536213246763543
"M_0077";"no";4.473992769347232;5.388771985271269;11.65922621741136;23.4463226902279;16.08977814405097;4.816189325523956;2.184212705164078;1.8795855059672866;2.0795055574832686;1.5554709266400875;1.1062610173532432;0.838864935076213;0.7850321339417599;0.6811214914460658;0.13808418450947887;2.3752761061993657;2.6371093773102534;2.1380801691172837;2.23352272381122;1.6706619021294318;1.2481509010901777;1.3446655831341172;0.14488226157433015;0.23356591145024289;0.36752718196236617
"M_0078";"no";7.693804048933101;15.952130245052018;24.38280225368785;5.719452394597779;2.5310084720583497;2.001025608763457;1.299339543531225;1.1548675126962769;0.8231324913282834;0.6272329019380165;0.5018172012662688;0.33366041055429546;0.05987384031910496;0.1888703429171444;3.094290685059391;0.04063204163008007;0.22004994613585116;0.19609447871167823;0.5001027112859419;0.3707648099762673;0.847173134042304;0.8420484466300137;0.7711483990153526;1.9981166705534434;0.2752363559183408
"M_0079";"yes";2.6968312152396723;3.1547577987094444;2.336242651220719;23.128398239190943;16.299816075568927;9.307405453474535;6.484248298536122;4.778149065537722;4.273109146064625;3.016576575550833;2.3209208070877314;1.5867515606951934;0.7714738413972201;0.9468499123531858;3.1223008361691758;1.309744097890643;0.9693238153304916;0.7838497939467876;0.458509337896009;0.28551491209662144;0.2759721887146883;0.5925623502067578;0.3162290847504841;0.354003766198641;0.33024540548179926
"M_0080";"no";1.2626055673433525;4.737148122814129;12.500323335824211;25.17864326209392;13.012634227688842;5.273255612680098;2.6512067687836036;2.325034635590648;1.1681551982492995;1.2562158681814126;1.2654150686246786;0.866976562156221;0.6172410028443662;0.3844094479782715;2.957067006725623;0.5868220845446825;0.812562997933304;1.6236080093075567;1.6707643571941515;1.445245596118851;2.2250704964813366;2.4188319936103304;3.003447848730963;2.8840325054630105;2.8554230269313776
"M_0081";"yes";5.087146393593338;12.137222801527928;22.321396103263403;10.569499916775447;9.080582999570852;6.277051867321075;4.753485719123034;4.602146827005554;2.746582657950689;2.0370451732466006;1.6768263264398708;0.9472535941595249;0.21037756757675002;0.34236185698816196;2.8707760742623605;0.26540274779089335;0.04555639509908769;0.31142934792698485;0.8418915883797627;1.1415910506672713;1.467715872290109;1.987512287276978;2.856877599468773;2.6091447214136347;2.9860297162136566
"M_0082";"no";5.741757087099818;6.9879301096075475;23.150460163729424;15.715349301198145;8.941609878458793;5.16167103403371;3.7577660975964196;2.202948522326386;1.2120046219244542;0.9049780121474612;0.8209414592439973;0.601549954757707;0.5906203661544823;0.4198133887926699;3.0978060767066604;0.39441176439585407;0.16732228602290605;0.15044911199643266;0.0339846626649109;0.3137854340064975;0.5264440918979477;0.1631158778944424;0.6724640841702225;0.23285270805220823;0.15652236518957152
"M_0083";"yes";2.1702120720263425;2.7512217776656156;3.5738390146385246;11.860274691404216;25.773458692612394;11.799158766479499;4.603277347027199;2.3205585904202146;2.0236007892093983;0.8186807643214888;1.91928421155091;1.5469003242293942;0.21686920752257885;0.548905530353063;2.896703379101153;2.169110972897763;0.7264626954792053;1.2945974372792581;0.4369695855427929;1.5448958436640652;0.2625235914448367;0.2919962507570932;0.5210434522439389;2.14224205666738;0.5254820364274598
"M_0084";"yes";4.324538869947362;11.93672862713628;13.75111709776223;14.932627703820822;18.707249047070583;8.549224679509159;2.4441352849216984;3.553058541443925;1.4672785573125504;1.7991378671256018;1.6813668704654665;1.8709317696329846;1.47989441952054;0.857882140565475;1.0980892757767666;2.691043090150729;2.0871841145697108;2.5130154533387206;2.619269130832445;2.060631566848148;2.4215042575808226;2.3011051000744565;2.8674594924451977;2.9910162071098494;2.9629619834077348
"M_0085";"yes";2.7336531063324387;3.074768039137635;2.844881199490051;11.716676235208435;20.24726253528501;8.62442348565082;12.584951551013356;11.334596896250302;7.159646248643496;3.1585801809808465;0.27084995588844624;1.1149630389789367;1.3954365673416715;0.5284700113037607;2.939270891104523;2.6487675490384737;1.5962908220033205;0.6062535705168002;0.31586890723115724;0.8334652710055153;0.5847989323840557;0.9207574859496556;1.0143754598242936;0.4191596074282517;0.19932339768904586
"M_0086";"no";3.5362927119354257;19.927492619791373;19.362828222460937;12.451420537024976;8.006999578631993;4.4791090103003;2.8244187548434345;2.2547364144626765;1.6176705893672956;1.2502018174277485;1.0392808851698576;0.9057778234006751;0.8653791281051775;0.03907503228364146;2.149894615645465;2.864766371451013;2.6018612665547463;2.3237457844441467;1.9908471836757058;1.7943750866299975;1.5009375132673506;0.8521574664110568;0.33794620750940024;0.617897106310271;0.8252581531127157
"M_0087";"yes";1.8473099569892353;2.386335385903189;3.0938376644804535;10.722667194638026;18.56618903859536;11.437052019547;15.516662354610254;11.462573432147538;4.904325241477456;1.2449948944196347;1.776863523494062;1.5018663798293517;1.1544750982725138;0.6054607087061;0.45348795864650704;2.448858641924083;2.2414146442755705;0.9249899638711966;0.15298525256964277;0.3432503476478776;0.6179366499317263;0.7176930089857181;0.7071662722726613;0.850843550400062;0.5045812388202687
"M_0088";"yes";6.468982182606847;11.588743118879366;11.192324440664224;24.940286569004947;4.727313598285701;4.479344461767515;2.190786849574388;1.9731698700905895;1.4935276275096192;0.4396604234273842;0.30184123295018567;0.9243791819869037;0.32474860324794463;0.3461048044528623;3.0778991080071205;0.42596357255803696;0.7815470088022539;0.8752744729055357;0.8110936757121994;1.384650589610803;1.7604595102730145;0.774383014057826;1.6606053592540504;3.137648868250556;3.025941697599653
"M_0089";"yes";3.0259966580134416;4.118673835754756;4.556673805451317;15.87196396764689;18.134982561682957;13.67074461936518;12.416606495060408;4.051941395163505;2.010820000706612;3.323532034104792;2.1129138689026803;1.8799044630906756;0.9371864307349919;0.23471981095703137;2.9110109318389257;1.899498498195321;0.2611364159563489;0.5586649378719721;0.2635605284052012;0.8951128279063671;1.421842463214232;1.9290266410676102;2.887107806079235;2.8827553357701334;2.5983415337860567
"M_0090";"no";1.6684817611578988;7.860419119819967;29.788645466337094;6.503787581751994;2.58263438869511;1.9468154390901773;1.6067718316080217;0.582746541604712;0.4319352190924062;0.31356286349432266;0.6669395834321389;0.44938553090726424;0.19471285623963555;0.1827816107624998;2.530311537793262;0.7943083759465275;0.35783195742456264;0.0217627559148198;0.5486826682531374;0.503588577437895;0.45618813443045075;0.11639151506515981;0.3049006802960922;0.3418609732251938;0.1936689663519278
"M_0091";"yes";2.822592973909192;2.905477416304242;4.930145251648199;9.583393568979215;10.574964748762273;16.710792558750843;11.74246697402777;11.175889709808727;8.532588866432583;9.6661672801207;5.712833886237837;2.9085601410187354;1.0069672688106888;1.4044862305671655;0.08179029975118923;3.0356259277006234;0.04061903883298091;2.189754777714376;2.948976683946024;2.30453370069226;1.4679517417406465;1.4610600202987722;0.5260284334717834;0.689589137305039;0.1665444563725417
"M_0092";"yes";1.5780342927242261;2.048897624404231;3.7751974680682436;9.050677921240768;28.950289697256657;6.198874754729199;3.817039571988881;3.0702263903753404;2.7131943236733242;1.3666242935476014;0.8254244248530467;0.651758548547585;0.9769557516852213;0.28659864862738066;2.6565062260786663;1.9427207043805703;2.5104274651975116;3.083011125978054;2.8835647877326562;2.705094111361441;1.440702312004663;1.1738617275103154;0.4319180053915051;0.5744464792401964;0.627159106556438
"M_0093";"yes";1.2144433525136622;1.4285554726921637;4.043260982149799;17.92648333518978;22.16019743678314;9.446529123091114;6.041658964635816;3.570393540173423;3.3479883242223414;3.0162249254774913;2.1721058336919015;1.911198794847116;1.5901491075591374;0.9870062446510662;1.7045951066810876;1.8534919444325701;1.8608065122007484;1.9051964619627788;2.4124834861040156;1.967722499812867;2.2007961207966122;2.4410365068686284;3.106226548839853;2.831449607764158;2.945108390664062
"M_0094";"no";4.21421877230637;12.31478232776369;27.378216228998976;7.649511287579484;4.732061994325134;3.515132002348208;2.8507281921239955;2.416429312864249;2.1169113671982362;1.8927874557718263;1.7122463949698907;1.57613944542764;1.2106584772594302;0.9763725247441698;2.5078092187365004;1.106374807706182;1.089297130971647;1.0591547115211333;1.0302733478332473;0.989657457471834;0.8645496180205671;0.7714140803786713;0.18860044230346965;0.14977621094201332;0.09232009660117572
"M_0095";"yes";1.8392910654207628;3.72424805028235;8.156551167640075;26.919919241339226;8.44239978999838;7.9008883776921035;4.740118415160724;2.4637701343012655;3.037475982314508;3.221427302493654;2.4253112618857804;1.3570471582200596;1.56513668283379;1.1467509416936403;0.09557465022125357;2.478545171604197;1.8271463984635659;1.6831733168922984;1.9443938914696806;1.453280370965984;1.0507284969417963;1.1735929993497738;0.13020325210141082;0.0150729538511697;0.34491311876937414
"M_0096";"no";8.518199304412361;19.60503523759609;21.16649422968498;5.861035715911181;2.5171416541316387;2.115284840504188;1.3231947851174943;0.9699453051053034;0.6568450837892382;0.36719641018385213;0.6249684457557584;0.33792019364962256;0.2330665426891176;0.04405108769963879;0.007115433860307231;3.0317848888382213;2.8328370857755285;2.9844750311952613;2.7423797691481004;3.0408857162149037;3.011639301349533;3.094760767577801;2.748716036403648;2.6164795989496756;1.8569437566618574
"M_0097";"no";0.7074458967592654;3.902770122119588;31.399247598434425;4.375448191791189;1.087016482388885;2.018262272871242;0.7608666357210614;1.2896169228821373;0.349301048956017;0.8228475956981544;0.2781121163089063;0.8327001688220457;0.502835909486128;0.19048766657833752;2.637482254452637;1.105547997279166;0.9870911185655181;0.968451384620061;0.9247401338512927;1.0102623004659335;0.8109165546803856;0.6612159251151529;0.1569846386200754;0.23139198070887543;0.13282125575278803
"M_0098";"no";6.8581833312851375;27.04147071377533;12.273665904288388;4.9337180382138435;3.1021865253985057;2.5775117878473;2.501549954422756;1.7316849806818304;1.4225741369459959;1.224126585680872;1.1763932118846627;1.3605200752407656;0.8203012481096855;0.6949189297806431;0.3745963207374976;2.298290376116972;2.2453539901664925;2.1303209182486915;2.0729501268120245;2.428955594211926;2.2972880894931875;2.553068664945104;2.842868444569495;2.9710722133597693;3.0578530350653113
"M_0099";"no";2.97442369393294;7.87232918045714;29.85431075385979;6.651318114287201;2.004896120167068;1.2846229256000983;1.0329324353209035;1.2356966572980874;0.789837654520044;0.5875653929304481;0.5332269672791785;0.2769903390813952;0.4423906054334675;0.2145980309084976;0.12028628412233933;1.5547276260182055;1.8545619051293842;1.3973449935816973;0.9558775847308534;1.168659607377272;1.4263324259778898;1.0551978228873207;0.5840627123361751;0.2718602979794871;0.5166729137455461
"M_0100";"yes";1.5704902744557174;11.176559011011824;27.981651214031476;8.952022624964265;4.090622289858391;1.5223295389137466;1.3374484960236768;0.9436588311030734;0.5900552914181006;0.4204976857514531;0.3046691693611637;0.08225749463077468;0.23358896336941784;0.07920553453075131;0.18451744834711828;1.726007248744257;1.6420535011882254;0.906668854953189;0.5402432758703324;0.5932008417685672;1.8924802060404267;0.6583140999573366;0.37731478363487037;2.353964567280885;0.3628845963483004
"M_0101";"no";3.899280449511076;13.11378538671593;27.004254650313626;8.009494037100353;4.478135599428055;3.592821425718275;2.8657925425858735;2.513062830597734;2.2833162182404356;2.017065330521717;1.9459506896424608;1.7094876011848896;1.2500031597559729;0.9917729372048947;0.5865685070640752;1.951175233653981;2.021298660893471;1.9666440618490433;2.0651028286168804;2.0657192635068142;2.2705420467033144;2.3767721645968436;2.981751139239015;3.0707147012845812;3.073817475962977
"M_0102";"no";2.7056976818662375;3.9751885436894936;6.8120529003254475;29.7031136277308;8.177009662441801;2.977600654997804;1.0704989397145985;1.380217162849751;1.9189595681473122;0.9965548836249615;1.0504732734059823;0.3385171377169736;0.5294113247397769;0.3293035893452954;3.0043387463254088;0.46526307961516333;1.108186200279197;0.5687379475475444;1.4477521798619108;1.685802068927611;0.8293418145416773;1.7587446732939602;2.7649906009692087;2.2998047780206905;3.0804674741179925
"M_0103";"yes";1.6910656996905042;2.963941323293911;3.106487481560349;9.066428163619277;22.770499255666103;9.929500364886621;11.705647915474563;7.439448624097063;6.954682231497907;5.931038585241187;4.2516595880050065;2.4440086521513726;0.143820771034257;0.9781204444851584;0.5378224963522414;3.0874313776723024;1.2436176596253814;0.1417881400124599;0.3197374385021079;1.1522176755298479;2.8136527569473837;2.031018207972907;1.640272151157462;2.4061811819866215;1.6166214966181378
"M_0104";"yes";1.6674087925135312;0.576051948955797;2.843222277623325;16.26675020129342;23.013961480948886;12.306171428071847;6.061951099568318;3.658662925807482;1.7985096559280935;0.3508963342127503;1.340993129671361;1.5338642526197235;1.5923561629931071;0.48096096470467675;1.9566093158409203;2.4064803882485535;0.8969697443958807;0.12702494230251163;1.2881997991127068;1.0829536837308336;0.9174889886347201;1.6125567945920938;2.2275896884665887;1.730382822417171;2.6065436621541402
"M_0105";"yes";1.3554875380590237;2.246677990132116;9.742571777404864;28.204731741949775;7.518634404549066;4.888734990165145;1.6016774644983538;0.7077646068960086;0.7228031210787574;1.0091797562849352;1.1224709868610023;0.7368529203578125;0.2511511604433121;0.1630848615386957;1.010240041942314;0.7325077190694088;1.4838968599737947;1.7581526458259142;0.5110036590751019;2.189764066007484;2.4305490365416302;0.20861178243465095;2.463435252457934;2.6446527501430426;1.7773466169920735
"M_0106";"yes";4.897112266266894;18.606347011969067;21.965189612028812;7.90401450567101;5.4550503429188;4.23816428584078;3.321467259580203;2.6826406955331525;2.3389095391547863;2.19100924402767;2.0242546043203524;1.8022634212108601;1.3941268336428088;1.106463413910593;1.9962153438309371;1.7849089034958474;1.8091392619748905;1.8949128431834756;2.0085224128655854;2.07776793855373;2.1849107390053395;2.357299737712523;2.9202672200471715;2.9807907482849143;3.0842882725514515
"M_0107";"no";1.1103711196121855;1.471519525187878;5.727656665655105;26.49088115906483;8.903930941941546;8.43741807190656;6.4860922011078435;4.866637172975989;4.314474445382697;3.507501618405194;2.9983197627948783;2.132477165971512;1.3704940085908615;0.8653928954130662;0.9675367128173025;1.0588930609504428;1.4227259394764071;1.8367061285411892;1.954181532612451;2.1483795565520514;2.47519250956848;2.386102785297071;2.9473684798767175;3.0180642441329484;3.0908168086801227
"M_0108";"yes";4.544053618453195;2.6441775714456073;9.696409828349971;22.937202212336945;11.009610744465938;11.002556376755336;7.296977527800915;4.724324638744352;4.577378063494947;3.8614873960064595;2.5266311850334415;1.594341174745987;1.2338065474975417;1.0923266746718021;0.16614224132869082;1.3243484486658026;1.961249640474933;2.1402311957689877;2.269869601376868;2.6397608695360835;2.651742520973586;2.2692675110356597;2.8632948783928485;2.9040412455671576;3.0129730622654596
"M_0109";"yes";3.7031164513770616;4.688729955489367;29.60933583304097;7.1068435660447715;3.8342245356507707;3.126320015540059;2.5393064757589143;1.7102605808570748;0.998454559227055;1.5166888290718534;1.18259713954837;1.1874825303150522;0.8420434509768412;0.4686910313990005;3.1393421000415542;1.1314201039463985;0.5650564435091012;0.5578709441536758;0.491335794137442;0.9419290701517464;0.7696261426353497;0.6728649203451337;0.37884219749101294;0.5550431823594861;0.20905943468194763
"M_0110";"yes";4.479005269263855;8.989052810327395;27.85996191588384;9.421058691660619;5.245128255751897;1.9774667984309602;2.9996911456591766;2.1738428713795694;1.189548651306648;0.6770377132209057;1.1309108643013523;0.8368361763241184;0.6526063987395783;0.7631324108283745;0.025601488592805362;2.249604552377933;2.323621775069735;2.990763671773352;2.772769177745854;2.468453136911404;3.0019846267712067;2.3273608191389394;2.419432557093334;2.7905464451858206;3.131193714412259
"M_0111";"no";2.793420180012362;3.3524940062278366;5.261191354396528;27.65241071493287;10.22255386364195;5.245628091803351;3.5601794576247126;2.8670764783263807;2.8897829004307383;2.3559671666534476;1.9811651279495308;1.5817385182231631;1.2004935408021056;0.8308202304471928;2.294428471020092;2.4409150061156684;2.1314996522089493;1.56185740297528;1.2783311176619692;1.161704856412502;1.178397440941129;0.9218800480786634;0.24800058984792647;0.12702130005280168;0.05550699046938257
"M_0112";"yes";5.3730410805255;4.185983776202618;13.414166939097367;22.70144168265771;13.375437422038678;8.448949498399015;2.696373181567049;2.8946516710932513;2.3093125299494606;2.08530373714135;1.5117955537550305;0.850267913784458;0.5993086901266166;0.7455653573668515;0.06461534465080898;1.977933250955045;2.469709036955896;2.4064836507637435;2.9181960566295215;2.8471932920338068;2.493513343029873;2.6805701540389717;2.9849978986114833;2.748631412662868;2.630099427164403
"M_0113";"yes";4.163599834404645;7.209789301835688;29.887667182623407;7.088557046578342;3.591490806675485;2.485790788256316;2.165891029125851;1.57186304277075;1.5731592793687572;1.3101552404705752;1.2746009025719351;1.0494676090957673;0.8993126372888917;0.694290986761097;2.4205041685410342;0.9199481051852374;1.0331252005471978;0.9683648720827553;0.86702748441125;0.8546261950268811;0.8231575990946769;0.7351896961721235;0.15961816733804143;0.1692252712840059;0.004169789897906841
"M_0114";"yes";2.5223836901663494;3.4717901878422444;4.08655190634887;5.987238403938316;21.86374925676308;16.246818441965683;11.227852757536855;7.002392285059673;3.9138631191050326;1.1441773305336882;1.347131826952772;1.0666412181484455;1.3286945842509101;0.618953771171983;2.791477367411117;0.9464956412032008;0.28610462181848606;0.24697423379980907;0.6222937926016252;1.4053792700139074;0.39940248388086563;0.5645317254155243;1.8178504952654555;1.3793765325065954;0.9744797619986854
"M_0115";"yes";3.476673690084969;5.815616518356345;9.953313379049625;27.400453005695088;6.658130170040006;5.810044990277603;4.51841221970918;2.6690971213571064;1.997232479665843;1.975476741998694;1.5364796949439452;1.0551791030948936;0.3736449548204512;0.23352547751187672;3.092896347743896;1.56614988981058;0.8258856021064084;0.14894483060600244;0.014516948702404473;0.014693436643096172;0.5656579491997142;0.7889267503252763;0.4703556036414319;0.5665149672799117;1.5127481657765998
"M_0116";"yes";2.595504747061113;3.635982935829232;22.00166924428749;17.045914944738264;9.842757603385396;6.547872049890875;4.839792099840833;2.874239313797062;2.173112547646244;1.9568279035548068;1.8673680115052758;1.5923614737808465;1.6082082669199596;1.3422458120523069;1.6620586544775637;1.2597096607892793;1.0134849861892754;0.996930605850692;1.1702681302809685;1.3804441422617209;1.0365044073053549;1.059852077547405;0.09812574793832925;0.1664312836848298;0.11466331659796997
"M_0117";"yes";2.0268622201612736;2.02409979784273;20.71530180590831;18.9920118435921;10.246575379069785;7.600812459320004;6.031603888388522;4.323951054514983;2.6399832484530434;1.4321518170603404;0.7662310590491732;0.5025182565594667;0.7438994062572366;0.36757927775029703;0.11778013649152383;2.8241126707648836;3.039343690834458;2.551912315796341;2.0406148816130902;1.573203163696499;2.198105644774917;1.8242709329106386;1.5834458976589982;1.228218489001968;0.8321750161024811
"M_0118";"no";2.883926182764913;11.546265831138395;27.454980427988616;9.377313931951761;6.207265120555875;1.7301374230822675;2.346589468687453;2.452724887310225;2.043646527551147;1.9054608328095135;1.1893632244665844;1.2993474001503995;0.6918032309615652;0.5987170673336148;3.1151371647082744;2.163489117287959;1.6019853864886435;2.150130907739454;2.1171277326813787;2.2781856823827065;2.742889520483049;2.2807529677653724;3.0797802400947756;3.0901705523242584;2.8270949546615367
"M_0119";"yes";3.8220404049981975;7.4694499587874095;12.32113016502337;23.60610213191981;12.65868552345531;5.160409244134344;3.959620860257041;2.4480763540051056;0.9194114343098211;1.895906638616751;1.9781309540875662;1.6012402018613532;0.31699580585265935;0.8863211145710395;0.3979815443553448;0.22982027622935425;1.2130004409801156;1.6361709155877282;1.8415086783286911;1.4936483576863957;2.3935597005861204;2.77991870120342;3.091112311391012;2.9737206594219203;2.467077292047116
"M_0120";"yes";1.7478426018516378;0.9155419358927264;9.136011789158763;29.58374608111299;8.132245650944284;3.901533911250896;0.7477006646368325;0.8540399429709691;0.7522325466986576;0.4468732227710021;0.30589741577969315;0.4378000766649531;0.10054036314040735;0.13217311383689415;0.30823544557648364;0.53382483544511;0.7061138436430772;2.1748971719042767;1.0534940486288678;0.446164792529474;1.4433055237303534;0.7830102599362362;2.769735022539675;3.0275765061295004;2.4388200243136966
"M_0121";"yes";0.8315248243558852;2.107687163903819;5.677678846766292;11.52846484709364;25.66202403728203;13.836271461137784;2.063952284400563;2.029826610831905;0.507478151366848;0.4792449032142843;0.9859329665044152;0.72948135521714;0.3179519115967116;0.06109116844100868;2.741199272161174;1.1808004201268572;2.585885669970304;1.5614747772547215;0.8921597814899275;1.7492048098430726;1.753060054537056;2.151263486617204;1.3719140220987733;1.6289822372441156;2.479350685812669
"M_0122";"no";6.666387246862166;19.266736735805498;21.585605959720407;7.554475979023613;4.766521657703378;3.47635268616312;2.6357098405919297;1.9580818719181372;1.5612234408670547;1.3072916415591722;1.2576778064442002;1.2406333871159596;0.8651449977088624;0.7385031032546769;2.663246891868093;0.7091126552820546;0.6933786728149441;0.7360267649254537;0.7775258092088461;0.7679012656997609;0.733978793826257;0.6432568842088856;0.1338465953964201;0.05279011520687853;0.10726612224765411
"M_0123";"no";0.9711592432441057;8.502116428711396;29.73566523827543;7.605415736436612;3.2115058072880243;0.9133261442516156;0.3463322018558771;0.7723710057081967;0.5922113503732507;0.3291842922868488;0.4956681094659571;0.4490858322262344;0.20387600271665984;0.2020916605676315;0.501772279562927;2.8911693432441767;1.7748137470547534;2.7855724654660836;2.5971034079970776;2.5758035458427995;1.6796427789520645;1.3904461842862899;0.3484432845364001;0.2560219403421708;0.012405905843250773
"M_0124";"yes";2.813927904494818;2.9018003066365643;3.1070627036575127;6.0753637783549905;13.942652392399232;20.945177587652207;16.01064717395933;7.192598909591349;3.140637732736978;2.2731941484716014;0.5208623006942601;2.444029198073016;0.1988563436821437;0.4676179663573722;0.29049387603523646;1.3110172622453167;1.0654198454068238;2.7465756997819835;2.8664067109106792;2.535549867704365;3.0011111083922124;1.7735877636335873;2.6370158223224625;2.989554100204014;2.2432124269108855
"M_0125";"yes";5.268778747528118;10.531174702193077;26.308245488186312;10.495968157151454;3.2529728946661454;3.2316360395704913;2.6229140824787893;2.5940939138629724;1.9302060714643605;1.6400793866392815;1.423524951773357;1.3012562164018977;0.7361766220372187;0.5489306651529836;2.494292099946029;3.1223652483086157;2.5011901761042408;2.1369986442465905;1.927670985757003;1.5293420609853274;1.11990765733288;1.0605039372764418;0.3640502305794631;0.2296042692183502;0.18928966459035912
"M_0126";"yes";2.0356112581708397;1.7452703609036107;2.308431905524887;7.05965904268556;14.987757337909962;23.240648190777424;9.982491290335636;5.413837307682412;3.021003639104043;2.3262977133860323;2.81759478303328;2.736178867349933;1.6160885693391804;0.9833916846531905;1.0556089507151198;2.085372345003654;1.1660021102422724;1.3485618907826076;1.3046724169760298;0.9464384577669468;1.0084274066254184;0.931170740670349;0.44469049099114133;0.10003592693056834;0.2090738789737485
"M_0127";"yes";3.3532653172620392;5.2074605174473065;15.38926332976097;24.537222748371416;7.898603455864425;4.994034465586055;3.0522458069646228;2.6683435389640096;2.5731712300024916;1.9975493477541497;1.5365452326710693;1.800591840625626;1.1586569105228637;0.9480691271620377;0.3696806632566232;1.6537619480898709;1.3324792267998917;1.6190591245241839;1.3323768220237124;1.185716180454301;0.9756236684816515;0.9621802462096831;0.07209108677921712;0.0016763489721586323;0.19352888096352466
"M_0128";"yes";0.8415948007820531;1.0910358333761767;1.4560665824344248;6.519835054119627;30.56136010876943;5.843624336870948;2.45912681342317;1.3484041948470051;1.4399891138373793;1.8758066621347362;1.051105160281928;0.8149886507242707;0.23110603974385366;0.48431993490116965;0.16260679087422106;1.248419217753622;0.836213683796229;0.7266839860843382;0.525896463624731;1.2671608994709191;1.1269962059328615;2.8945820535768227;0.1025068745775329;1.07110619602713;0.3826686435147258
"M_0129";"yes";2.773367976662026;4.877804721200074;22.784442052711462;17.673060594786822;7.935139481989539;4.732968785385217;4.123736801855382;3.355660026716831;2.8259861986797303;2.632204867490366;2.0801589896342456;2.0896181684160813;1.4059199247993477;1.0379727900395983;0.9273958180075724;1.4881389713753201;1.2670828847010285;1.3295548763097367;1.15843741652672;1.1820717679924726;0.8802017718881391;0.7643094752959079;0.10564421078580143;0.21500084593522878;0.04107704780456954
"M_0130";"yes";2.9476064173471306;5.081104450298659;9.897089112537005;27.75380041065926;11.745815527633175;1.2229569542729974;0.4732638351470261;0.7609709856146235;1.7139326648272353;1.1438756784905832;0.5902245045415587;0.3142192709471822;0.4415330220689826;0.05012895236272449;0.39420543671471814;2.9308241543429436;3.105152497567455;2.2859528097443746;2.381257755623947;2.297377495706932;2.0582523784702476;1.6856180837738646;1.1363034390516784;2.654681663723856;1.2191326000968135
"M_0131";"yes";3.719762140093064;5.442399751059663;4.244324658621232;21.080511313810423;17.818981895431758;10.60278481114334;6.511217376257933;2.8658591272387084;2.9238182136596875;1.3935730516598344;1.3999344501773483;1.0169897177637877;0.9335393041979948;0.5793053406667767;2.856054856443855;0.07650216608148272;0.9885955446110966;1.23835967759879;1.3787425750442672;1.607494319068582;1.0926007684283947;0.9928880244493575;2.8625613110409946;2.172096503879241;3.0605646147519763
"M_0132";"no";2.124967020597207;1.5283829670831215;1.42752416314508;5.536390786411783;31.029291870212198;5.256343386301456;2.008042660986457;0.9389026076139155;1.5548349055487818;1.6360050337075818;1.2567822960188477;0.7803798016691729;0.07519962038980485;0.5684043346992161;2.8933615715753227;1.840644554418035;2.3719959480708086;1.8417721545769112;1.7642152491541883;1.8315391273765955;1.8892640945780668;1.7170979624259268;2.81579688627938;2.6793668744733896;2.7864008398046956
"M_0133";"no";2.024489496727424;3.5962818297869066;6.5685385461120065;30.123134434588547;8.161425599449442;2.6093659202528676;0.7681629733308467;1.156637553391026;0.7881428204423103;0.4067557641177021;0.16266041388249658;0.43508815353379876;0.29761304345184936;0.30343402209988135;1.6014572677194425;0.1052047551157878;2.373002772070233;2.134059454635374;0.97128150884368;0.1309323372575117;1.3184548309503832;1.6082513056926362;0.7924265396683378;0.17671140938750604;0.27213467790008666
"M_0134";"no";1.4678554988661883;1.235773187777007;2.5967274189100675;5.109772716287918;31.230441914858563;4.242996009635719;2.1312592774887054;1.3219374477077548;1.5201896387171276;0.8355968162010655;0.3648107170540887;0.4187238190036451;0.3375382221556438;0.25485757554520705;2.005187197585171;0.9117444639959147;0.8134735819053717;1.4287788770655547;1.3329214587758844;0.9330543598210344;1.8601131965841025;3.0937125812688375;0.02126246008062435;1.4218098814086864;1.2703720798865985
"M_0135";"no";4.384959732880081;5.287840733651725;9.164953477715772;12.204798719136004;9.886670788287699;23.061174495014175;9.547818602602451;1.0485363151455167;1.0110470086273322;0.8068840221803577;1.9259637124868565;0.9767895680634399;0.9230024529128618;0.4561752295070601;0.26898840039740574;2.160654775766878;2.2362470681773625;2.0166825065567195;0.7108628535523015;3.1004366536480643;3.044590021213901;2.839005614841544;2.993265181723679;2.641386818947363;2.6776497400830803
"M_0136";"no";3.091474670465302;5.424592612167378;8.783833395751236;27.91502549312827;11.084828046215232;3.0938504045538915;1.039874876611293;1.5830516718556336;0.8883861994754836;0.4051446553381106;1.162246163818863;0.5735901197901878;0.37799443223596707;0.300496782247663;0.5649132886272401;2.785372448783507;1.1930678603296534;1.7870318841010948;2.215168433226398;1.910622331432192;2.1865100736044427;2.2703347313649243;2.9177223616302306;2.6377558919923128;3.008086612122978
